Country,Alfredton,Ballarat,Ballarat - North,Ballarat - South,Buninyong,Delacombe,Smythes Creek,Wendouree - Miners Rest,Bacchus Marsh Region,Creswick - Clunes,Daylesford,Gordon (Vic.),Avoca,Beaufort,Golden Plains - North,Maryborough (Vic.),Maryborough Region,Bendigo,California Gully - Eaglehawk,East Bendigo - Kennington,Flora Hill - Spring Gully,Kangaroo Flat - Golden Square,Maiden Gully,Strathfieldsaye,White Hills - Ascot,Bendigo Region - South,Castlemaine,Castlemaine Region,Heathcote,Kyneton,Woodend,Bendigo Region - North,Loddon,Bannockburn,Golden Plains - South,Winchelsea,Belmont,Corio - Norlane,Geelong,Geelong West - Hamlyn Heights,Grovedale,Highton,Lara,Leopold,Newcomb - Moolap,Newtown (Vic.),North Geelong - Bell Park,Clifton Springs,Lorne - Anglesea,Ocean Grove - Barwon Heads,Portarlington,Point Lonsdale - Queenscliff,Torquay,Alexandra,Euroa,Kilmore - Broadford,Mansfield (Vic.),Nagambie,Seymour,Seymour Region,Upper Yarra Valley,Yea,Benalla,Benalla Region,Rutherglen,Wangaratta,Wangaratta Region,Beechworth,Bright - Mount Beauty,Chiltern - Indigo Valley,Myrtleford,Towong,West Wodonga,Wodonga,Yackandandah,Drouin,Mount Baw Baw Region,Trafalgar (Vic.),Warragul,Alps - East,Bairnsdale,Bruthen - Omeo,Lake King,Lakes Entrance,Orbost,Paynesville,Foster,French Island,Korumburra,Leongatha,Phillip Island,Wilsons Promontory,Wonthaggi - Inverloch,Churchill,Moe - Newborough,Morwell,Traralgon,Yallourn North - Glengarry,Alps - West,Longford - Loch Sport,Maffra,Rosedale,Sale,Yarram,Brunswick,Brunswick East,Brunswick West,Coburg,Pascoe Vale South,Alphington - Fairfield,Northcote,Thornbury,Ascot Vale,Essendon - Aberfeldie,Flemington,Moonee Ponds,Carlton,Docklands,East Melbourne,Flemington Racecourse,Kensington (Vic.),Melbourne,North Melbourne,Parkville,South Yarra - West,Southbank,West Melbourne,Albert Park,Elwood,Port Melbourne,Port Melbourne Industrial,South Melbourne,St Kilda,St Kilda East,Armadale,Prahran - Windsor,South Yarra - East,Toorak,Abbotsford,Carlton North - Princes Hill,Collingwood,Fitzroy,Fitzroy North,Richmond (Vic.),Yarra - North,Ashburton (Vic.),Balwyn,Balwyn North,Camberwell,Glen Iris - East,Hawthorn,Hawthorn East,Kew,Kew East,Surrey Hills (West) - Canterbury,Bulleen,Doncaster,Templestowe,Templestowe Lower,Doncaster East (North),Doncaster East (South),Blackburn,Blackburn South,Box Hill,Box Hill North,Burwood,Burwood East,Surrey Hills (East) - Mont Albert,Beaumaris,Brighton (Vic.),Brighton East,Cheltenham - Highett (West),Hampton,Sandringham - Black Rock,Bentleigh - McKinnon,Carnegie,Caulfield - North,Caulfield - South,Elsternwick,Hughesdale,Murrumbeena,Ormond - Glen Huntly,Bentleigh East (North),Bentleigh East (South),Aspendale Gardens - Waterways,Braeside,Carrum - Patterson Lakes,Chelsea - Bonbeach,Chelsea Heights,Cheltenham - Highett (East),Edithvale - Aspendale,Mentone,Moorabbin - Heatherton,Moorabbin Airport,Mordialloc - Parkdale,Malvern - Glen Iris,Malvern East,Bundoora - East,Greensborough,Heidelberg - Rosanna,Heidelberg West,Ivanhoe,Ivanhoe East - Eaglemont,Montmorency - Briar Hill,Viewbank - Yallambie,Watsonia,Kingsbury,Reservoir - East,Reservoir - West,Preston - East,Preston - West,Eltham,Hurstbridge,Kinglake,Panton Hill - St Andrews,Plenty - Yarrambat,Research - North Warrandyte,Wattle Glen - Diamond Creek,Bundoora - North,Bundoora - West,Lalor,Mill Park - North,Mill Park - South,Thomastown,Wallan,Whittlesea,Doreen,Epping - East,Epping - South,Epping - West,Mernda,South Morang (North),South Morang (South),Wollert,Airport West,Essendon Airport,Keilor,Keilor East,Niddrie - Essendon West,Strathmore,Gisborne,Macedon,Riddells Creek,Romsey,Coburg North,Fawkner,Pascoe Vale,Glenroy,Gowanbrae,Hadfield,Sunbury,Sunbury - South,Broadmeadows,Campbellfield - Coolaroo,Gladstone Park - Westmeadows,Greenvale - Bulla,Meadow Heights,Melbourne Airport,Roxburgh Park - Somerton,Tullamarine,Craigieburn - Central,Craigieburn - North,Craigieburn - South,Craigieburn - West,Mickleham - Yuroke,Bayswater,Knoxfield - Scoresby,Lysterfield,Rowville - Central,Rowville - North,Rowville - South,Wantirna,Wantirna South,Boronia,Ferntree Gully (North),Ferntree Gully (South) - Upper Ferntree Gully,The Basin,Donvale - Park Orchards,Warrandyte - Wonga Park,Bayswater North,Croydon Hills - Warranwood,Ringwood,Ringwood East,Ringwood North,Croydon - East,Croydon - West,Croydon South,Forest Hill,Mitcham (Vic.),Nunawading,Vermont,Vermont South,Belgrave - Selby,Chirnside Park,Healesville - Yarra Glen,Kilsyth,Lilydale - Coldstream,Monbulk - Silvan,Montrose,Mooroolbark,Mount Dandenong - Olinda,Mount Evelyn,Upwey - Tecoma,Wandin - Seville,Yarra Valley,Beaconsfield - Officer,Bunyip - Garfield,Emerald - Cockatoo,Koo Wee Rup,Pakenham - North,Pakenham - South,Berwick - North,Berwick - South,Doveton,Hallam,Narre Warren North,Endeavour Hills - North,Endeavour Hills - South,Narre Warren - North East,Narre Warren - South West,Cranbourne,Cranbourne East,Cranbourne North,Cranbourne South,Cranbourne West,Hampton Park - Lynbrook,Lynbrook - Lyndhurst,Pearcedale - Tooradin,Narre Warren South (East),Narre Warren South (West),Clarinda - Oakleigh South,Clayton South,Dandenong,Dandenong North,Dingley Village,Keysborough,Noble Park North,Springvale,Springvale South,Noble Park - East,Noble Park - West,Ashwood - Chadstone,Clayton,Glen Waverley - East,Glen Waverley - West,Mount Waverley - North,Mount Waverley - South,Mulgrave,Oakleigh - Huntingdale,Wheelers Hill,Ardeer - Albion,Cairnlea,Deer Park - Derrimut,Delahey,Keilor Downs,Kings Park (Vic.),St Albans - North,St Albans - South,Sunshine,Sunshine North,Sunshine West,Sydenham,Taylors Lakes,Altona,Altona Meadows,Altona North,Newport,Seabrook,Williamstown,Braybrook,Footscray,Maribyrnong,Seddon - Kingsville,West Footscray - Tottenham,Yarraville,Bacchus Marsh,Hillside,Melton,Melton South,Melton West,Rockbank - Mount Cottrell,Taylors Hill,Burnside,Burnside Heights,Caroline Springs,Hoppers Crossing - North,Hoppers Crossing - South,Laverton,Tarneit,Truganina,Werribee - South,Wyndham Vale,Point Cook - East,Point Cook - North,Point Cook - South,Werribee - East,Werribee - West,Carrum Downs,Frankston,Frankston North,Frankston South,Langwarrin,Seaford (Vic.),Skye - Sandhurst,Dromana,Flinders,Hastings - Somers,Mornington,Mount Eliza,Mount Martha,Point Nepean,Rosebud - McCrae,Somerville,Ararat,Ararat Region,Horsham,Horsham Region,Nhill Region,St Arnaud,Stawell,West Wimmera,Yarriambiack,Irymple,Merbein,Mildura Region,Red Cliffs,Mildura - North,Mildura - South,Buloke,Gannawarra,Kerang,Robinvale,Swan Hill,Swan Hill Region,Echuca,Kyabram,Lockington - Gunbower,Rochester,Rushworth,Cobram,Moira,Numurkah,Yarrawonga,Mooroopna,Shepparton - North,Shepparton - South,Shepparton Region - East,Shepparton Region - West,Glenelg (Vic.),Hamilton (Vic.),Portland,Southern Grampians,Camperdown,Colac,Colac Region,Corangamite - North,Corangamite - South,Otway,Moyne - East,Moyne - West,Warrnambool - North,Warrnambool - South,Migratory - Offshore - Shipping (Vic.),No Usual Address (Vic.)
Argentina,0,4,5,3,0,0,0,0,4,4,0,0,5,4,3,0,0,0,0,0,0,0,0,0,0,0,0,0,3,3,0,0,0,0,3,0,3,0,0,3,0,12,3,0,0,0,3,0,8,0,5,0,6,0,0,10,0,0,0,0,0,0,0,0,0,3,5,4,4,0,0,0,0,0,0,0,0,0,3,0,0,4,0,5,0,0,4,0,0,0,5,0,9,5,6,0,7,0,0,0,3,0,6,0,26,16,6,34,8,11,20,8,11,20,0,15,5,9,5,0,13,29,18,12,12,24,0,13,32,11,0,9,40,10,5,24,39,17,11,5,6,10,9,25,3,5,7,5,14,3,11,16,11,4,5,12,11,9,10,8,7,13,11,8,4,0,11,11,0,9,14,10,28,8,27,16,16,23,15,0,11,15,22,15,7,0,10,25,14,31,9,9,24,0,22,9,15,3,12,13,17,9,4,15,4,0,16,20,20,16,14,19,0,4,0,4,0,6,4,6,11,11,14,8,5,5,20,11,7,5,10,16,9,9,7,0,19,50,3,8,10,0,0,3,11,16,17,25,10,5,14,14,19,13,21,19,0,0,18,4,6,5,13,6,0,20,9,3,9,3,3,3,7,17,9,3,0,7,8,0,15,15,10,5,13,20,0,5,6,10,7,11,9,10,0,0,6,0,6,5,4,0,4,0,0,10,9,12,0,10,36,27,16,0,28,3,32,42,26,12,17,30,13,8,14,24,12,0,13,9,14,0,15,54,11,34,18,13,20,20,19,17,3,3,6,16,3,21,23,13,7,12,47,19,51,26,24,11,12,18,18,20,38,17,19,7,18,5,6,25,13,18,11,17,9,11,35,29,18,13,0,31,0,19,31,12,21,10,12,5,10,20,16,25,6,22,4,27,15,11,11,18,10,19,8,0,0,9,11,10,0,3,0,0,0,3,0,0,0,4,0,0,0,0,0,0,0,0,0,0,0,0,4,0,0,3,0,0,0,0,0,0,0,0,0,0,0,3,0,4,0,0,0,0,0,0,0,0,0,0,5,0,0,4
Bolivia,0,0,0,0,0,0,0,0,0,0,0,0,0,0,0,0,0,0,0,0,0,0,0,0,0,0,0,0,0,0,0,0,0,0,0,0,0,0,0,0,5,0,0,0,0,0,0,0,0,0,0,0,0,0,0,0,0,0,0,0,0,0,0,0,0,0,0,0,0,0,0,0,0,0,0,0,0,0,0,0,0,0,0,0,0,0,0,0,0,0,0,0,0,0,0,0,0,0,0,0,0,0,0,0,0,0,0,0,0,0,0,0,0,0,0,0,3,6,0,0,0,0,0,0,0,0,0,5,6,0,0,0,3,0,0,0,3,3,0,0,0,0,0,0,0,0,3,0,0,0,0,0,0,0,0,0,0,0,0,0,0,0,0,0,0,0,0,0,0,0,0,0,3,0,0,0,5,0,0,0,0,0,0,0,0,0,0,0,0,0,0,0,0,0,0,0,0,0,0,0,0,0,0,0,0,0,0,0,0,0,0,0,0,0,0,0,0,0,0,0,0,0,0,0,0,0,0,0,0,0,0,0,0,0,0,0,0,0,0,0,0,0,0,0,0,0,0,0,0,0,0,0,3,0,0,0,0,0,0,0,0,0,0,0,0,0,0,0,0,0,0,0,0,0,0,0,0,0,0,0,0,0,0,0,0,0,0,0,0,0,0,0,0,0,0,0,0,0,0,0,0,0,0,0,0,0,0,0,0,0,0,0,0,0,0,0,0,0,0,0,0,0,0,0,0,0,0,0,0,0,0,0,0,0,0,0,0,0,0,0,0,0,3,0,0,0,0,0,0,0,0,0,0,0,0,0,0,0,0,0,0,0,0,0,0,0,5,0,0,0,0,0,3,0,0,0,0,0,0,0,0,0,0,0,0,0,0,0,0,0,0,0,0,0,0,0,0,0,0,0,0,0,0,0,0,0,0,0,0,0,0,0,0,0,0,0,0,0,0,0,0,0,0,0,0,0,0,0,0,0,0,0,0,0,0,0,0,0,0,0,0,0,0,0,0,0,0,0,0,0,0,0,0,0,0,0,0,0,0,0,0,0,0,0
Brazil,0,3,5,6,0,0,0,0,0,0,5,0,0,0,0,0,0,3,0,0,0,0,0,6,0,0,8,0,0,0,0,0,0,0,4,0,9,3,7,10,8,5,9,0,0,4,0,3,0,8,5,0,20,0,0,0,0,0,0,0,0,0,0,0,0,4,0,0,0,4,0,0,5,0,3,3,0,0,0,0,4,0,0,0,0,0,0,0,0,0,3,0,9,0,0,0,3,0,0,0,0,0,6,0,62,14,13,23,7,15,30,21,17,26,31,7,46,43,14,0,24,291,73,20,12,98,0,48,42,41,0,37,150,55,17,50,65,25,35,11,12,9,17,54,8,8,12,19,20,11,34,17,16,8,11,7,4,10,6,9,7,19,9,11,0,0,3,3,14,19,29,9,11,18,22,21,32,36,18,8,6,15,6,10,9,0,8,13,4,27,8,32,14,0,7,24,20,3,7,12,10,6,0,8,13,9,0,18,13,15,3,9,0,0,0,5,3,0,4,3,15,6,3,7,4,0,7,9,4,8,8,0,7,9,0,0,0,22,4,7,0,0,4,0,13,6,43,6,3,5,3,3,6,5,9,3,4,0,3,0,4,0,3,13,0,3,0,5,4,0,0,5,10,6,3,5,0,9,0,0,7,14,4,5,0,10,0,8,7,0,0,0,0,0,0,0,4,0,0,0,5,0,0,0,0,5,0,0,0,7,29,8,4,0,0,0,3,0,0,5,9,0,0,4,0,12,0,0,0,0,0,0,3,0,0,8,4,7,0,4,5,11,26,12,5,18,27,14,29,16,4,3,9,3,4,0,4,4,4,0,3,6,6,30,7,23,30,4,6,29,29,38,7,18,20,4,20,7,4,0,0,6,0,3,14,4,0,11,22,15,0,20,37,28,19,0,3,0,0,9,7,0,6,10,7,0,4,11,3,0,3,3,3,0,0,0,0,0,0,0,0,0,0,0,0,0,0,0,0,0,0,0,0,4,0,0,0,0,0,0,0,0,0,0,0,4,0,0,0,5,3,0,0,0,0,0,0,0,0,0,0,0,0,10
Chile,8,6,5,0,0,0,0,0,0,0,3,3,0,3,0,3,0,3,0,0,0,0,0,0,0,0,3,5,0,0,3,0,0,0,0,0,5,5,0,3,5,6,5,0,5,6,4,5,4,6,0,0,5,0,0,6,5,4,0,0,0,0,0,0,0,0,3,0,0,0,3,0,0,5,0,9,0,0,10,0,5,0,0,7,3,0,0,0,0,6,15,0,10,7,3,5,5,0,0,4,3,0,6,0,45,19,36,41,13,4,23,18,46,34,24,23,42,12,6,0,20,61,62,17,5,37,0,19,32,17,0,21,51,21,10,28,36,5,19,17,19,30,30,22,5,4,11,12,10,8,16,0,22,4,7,14,18,3,17,5,7,5,5,22,11,3,5,14,14,16,16,11,12,13,16,18,15,12,7,14,10,16,23,11,18,0,14,16,9,38,11,24,16,0,18,18,9,0,12,10,9,13,6,10,13,9,12,32,21,25,19,13,3,0,0,4,0,3,3,3,10,38,20,10,9,3,12,6,9,3,11,5,17,0,6,0,13,91,24,8,5,0,0,5,8,0,38,8,0,3,11,16,15,7,17,8,33,0,25,5,10,12,5,13,3,23,12,7,29,11,32,26,10,20,7,27,0,8,0,15,14,21,14,5,10,18,9,17,15,7,11,3,3,4,5,7,9,0,4,6,15,4,10,3,8,26,0,17,0,17,58,40,76,36,75,11,53,80,41,65,47,50,76,4,35,118,57,5,49,102,27,45,76,112,27,101,80,49,50,44,60,36,21,6,10,15,18,42,52,11,19,42,158,38,84,63,72,39,21,39,78,36,39,14,34,17,13,19,14,62,24,57,13,26,28,17,87,44,35,43,3,85,38,37,127,74,61,10,87,42,10,26,23,40,14,43,8,51,13,29,13,10,29,28,6,0,0,25,14,9,0,9,12,0,0,0,0,0,0,0,0,0,0,4,0,0,0,3,0,0,0,0,0,0,0,0,0,0,0,0,0,5,0,0,0,0,0,0,0,0,0,0,0,0,0,0,0,3,0,0,3,0,0,17
Colombia,4,0,0,3,0,0,0,0,0,0,0,0,0,0,0,0,0,7,0,0,0,0,0,0,0,0,4,0,0,3,0,0,0,0,0,0,0,3,6,10,0,13,0,0,5,4,3,0,0,3,0,0,0,0,0,0,0,0,0,0,0,0,0,0,0,0,0,0,0,0,0,0,0,4,0,0,0,0,0,0,5,0,0,0,4,0,0,0,0,0,0,0,0,0,0,0,10,0,0,0,3,0,0,0,57,55,55,50,17,23,26,27,31,59,35,41,52,86,10,3,27,378,114,26,23,312,0,50,36,33,0,35,121,83,40,69,78,42,44,6,18,14,21,90,8,11,26,11,37,16,78,52,56,17,15,15,12,17,3,0,9,16,3,21,19,13,9,11,3,15,7,7,15,21,22,26,45,15,26,10,9,24,3,15,11,0,4,20,7,17,8,10,5,0,7,38,24,7,13,11,15,30,3,5,15,7,25,84,35,46,17,3,0,0,6,3,0,4,3,7,16,12,9,8,0,0,6,4,0,4,21,10,6,13,12,0,4,16,6,0,5,0,0,0,5,11,36,23,3,11,0,6,9,9,3,0,7,0,3,0,3,0,0,0,0,5,10,0,7,0,0,4,3,6,0,6,0,3,5,0,0,13,8,4,4,7,0,11,16,7,9,3,0,0,0,0,0,4,0,6,0,0,0,0,0,0,0,0,0,3,15,9,24,4,0,0,4,3,14,16,4,15,7,0,4,11,13,0,3,17,7,8,5,11,5,6,3,9,0,5,11,29,31,6,7,7,11,11,35,8,8,0,20,0,11,3,11,7,19,3,19,20,0,16,34,20,22,0,18,55,50,76,23,27,43,5,6,4,14,8,0,8,0,0,9,9,20,26,24,36,8,10,21,30,38,7,4,14,8,9,4,0,4,7,4,0,0,3,0,0,5,4,0,0,0,0,0,0,0,0,0,6,0,0,0,3,0,0,0,0,0,0,0,0,0,0,0,0,0,0,0,0,0,0,0,0,0,0,0,0,0,0,0,0,0,0,9,0,0,0,0,0,0,16
Ecuador,0,0,0,0,0,0,0,0,0,0,0,0,0,0,0,0,0,0,0,0,0,0,0,0,0,0,0,0,0,0,0,0,0,0,0,0,0,0,0,0,0,4,0,0,0,0,0,0,0,0,0,0,0,0,0,0,0,0,0,0,0,0,0,0,0,0,0,0,0,0,0,0,0,0,0,0,0,0,0,0,0,0,0,0,0,0,0,0,0,0,0,0,0,0,0,0,0,0,0,0,0,0,0,0,13,9,0,9,0,0,0,6,0,0,4,3,31,0,0,0,0,10,14,0,0,6,0,0,5,0,0,3,4,3,3,4,0,0,3,10,0,3,0,5,0,0,0,0,3,0,0,0,0,0,0,0,0,0,0,0,0,0,0,0,0,4,6,0,0,4,0,0,0,0,0,5,3,0,0,0,0,0,0,0,0,0,0,0,0,0,0,0,0,0,0,5,4,0,0,0,0,0,0,0,0,0,0,6,3,0,0,3,0,0,0,0,0,0,0,0,0,0,0,0,0,0,0,0,0,0,0,0,0,0,0,0,0,0,0,0,0,0,0,0,0,0,0,0,0,0,0,0,0,0,0,0,0,0,0,0,0,0,0,0,0,0,0,0,0,0,0,0,0,0,0,0,0,5,0,0,0,0,0,0,0,0,0,0,0,0,0,0,0,0,0,0,0,0,0,0,0,0,0,0,0,0,0,0,0,0,0,0,0,0,0,0,0,0,0,0,0,0,0,0,0,0,3,0,0,0,0,0,0,0,0,0,0,0,0,0,5,0,6,0,0,0,6,0,0,0,0,0,0,0,0,0,0,0,0,0,0,0,4,0,0,0,0,5,0,0,0,0,0,0,0,0,0,0,0,0,0,0,0,0,0,0,0,0,0,0,0,5,0,0,0,0,0,0,0,0,0,0,0,0,0,0,0,0,0,0,0,0,0,0,0,0,0,0,0,0,0,0,0,0,0,0,0,0,0,0,0,0,0,0,0,0,0,0,0,0,0,0,0,0,0,0,0,0,0,0,0,0,0,0,0,0,0,0,0,0,0,0,0,0
Falkland Is.,0,0,0,0,0,0,0,0,0,0,0,0,0,0,0,0,0,0,0,0,0,0,0,0,0,0,0,0,0,0,0,0,0,0,0,0,0,0,0,0,0,0,0,0,0,0,0,0,0,0,0,0,0,0,0,0,0,0,0,0,0,0,0,0,0,0,0,0,0,0,0,0,0,0,0,0,0,0,0,0,0,0,0,0,0,0,0,0,0,0,0,0,0,0,0,0,0,0,0,0,0,0,0,0,0,0,0,0,0,0,0,0,0,0,0,0,0,0,0,0,0,0,0,0,0,0,0,0,0,0,0,0,0,0,0,0,0,0,0,0,0,0,0,0,0,0,0,0,0,0,0,0,0,0,0,0,0,0,0,0,0,0,0,0,0,0,0,0,0,0,0,0,0,0,0,0,0,0,0,0,0,0,0,0,0,0,0,0,0,0,0,0,0,0,0,0,3,0,0,0,0,0,0,0,0,0,0,0,0,0,0,0,0,0,0,0,0,0,0,0,0,0,0,0,0,0,0,0,0,0,0,0,0,0,0,0,0,0,0,0,0,0,0,0,0,0,0,0,0,0,0,0,0,0,0,0,0,0,0,0,0,0,0,0,0,0,0,0,0,0,0,0,0,0,0,0,0,0,0,0,0,0,0,0,0,0,0,0,0,0,0,0,0,0,0,0,0,0,0,0,0,0,0,0,0,0,0,0,0,0,0,0,0,0,0,0,0,0,0,0,0,0,0,0,0,0,0,0,0,0,0,0,0,0,0,0,0,0,0,0,0,0,0,0,0,0,0,0,0,0,0,0,0,0,0,0,0,0,0,0,0,0,0,0,0,0,0,0,0,0,0,0,0,0,0,0,0,0,0,0,0,0,0,0,0,0,0,0,0,0,0,0,0,0,0,0,0,0,0,0,0,0,0,0,0,0,0,0,0,0,0,0,0,0,0,0,0,0,0,0,0,0,0,0,0,0,0,0,0,0,0,0,0,0,0,0,0,0,0,0,0,0,0,0,0,0,0,0,0,0,0,0,0,0,0,0,0,0,0,0,0,0,0,0
Guyana,0,0,0,0,0,0,0,0,0,0,0,0,0,0,0,0,0,0,0,0,0,0,0,0,0,0,0,0,0,0,0,0,0,0,0,0,0,0,0,0,0,0,0,0,0,0,0,0,0,0,0,0,0,0,0,0,0,0,0,0,0,0,0,0,0,0,0,0,0,0,0,0,0,0,0,0,0,0,0,0,0,0,0,0,0,0,0,0,0,0,0,0,0,0,0,0,0,0,0,0,0,0,0,0,0,0,0,5,0,0,3,0,0,0,0,0,0,0,0,0,0,0,0,0,0,4,0,0,0,0,0,0,5,0,0,0,0,0,0,0,0,0,0,0,0,0,5,0,0,0,0,0,0,0,3,3,0,0,0,0,0,0,0,0,0,0,0,0,0,0,0,0,4,0,0,0,0,0,0,0,0,0,0,0,0,0,0,0,0,0,0,0,0,0,0,0,0,0,0,0,0,0,0,0,0,0,0,0,0,0,0,0,0,0,0,0,0,0,0,0,4,0,0,0,0,0,0,0,0,0,0,0,0,0,0,0,3,0,0,0,0,0,0,0,0,0,0,0,0,0,0,0,0,0,0,0,0,0,0,0,0,0,0,0,0,0,6,0,3,0,0,0,3,0,0,0,0,0,0,0,0,0,0,0,0,0,0,0,0,0,0,0,0,0,0,0,0,0,0,0,0,0,0,0,0,0,0,0,0,0,5,0,0,0,0,0,0,9,0,0,0,0,0,0,0,0,0,0,0,0,0,0,0,0,0,0,0,0,0,0,3,4,0,0,0,0,0,0,0,0,0,5,0,0,0,0,0,0,0,0,0,0,0,0,4,0,0,0,0,0,0,0,0,0,0,0,0,0,0,0,0,0,0,0,0,0,5,0,4,0,0,0,10,0,0,0,0,0,3,0,0,0,0,0,0,0,3,0,0,0,0,0,0,0,0,0,0,0,0,0,0,0,0,0,0,0,0,0,0,0,0,0,0,0,0,0,0,0,0,0,0,0,0,0,0,0,0,0,0,0,0,0,0,0,0,0,0,0,0,0,0,0,0,0
Paraguay,0,0,0,0,0,0,0,0,0,0,0,0,0,0,0,0,0,0,0,0,0,0,0,0,0,0,0,0,0,0,0,0,0,0,0,0,0,0,0,0,0,0,0,0,0,0,0,0,0,0,0,0,0,0,0,0,0,0,0,0,0,0,0,0,0,0,0,0,0,0,0,0,0,0,0,0,0,0,0,0,0,0,0,0,0,0,0,0,0,0,0,0,0,0,0,0,0,0,0,0,0,0,0,0,0,0,0,0,0,0,0,0,0,0,0,0,4,0,0,0,0,0,0,0,0,0,0,0,0,0,0,0,0,0,0,0,0,0,0,0,0,0,0,0,0,0,0,0,0,0,0,0,0,0,0,0,0,0,0,0,0,0,0,0,0,0,0,0,3,0,0,0,0,0,0,0,0,0,0,0,0,0,0,0,0,0,0,0,0,0,0,0,0,0,0,0,0,0,0,0,0,0,0,0,0,0,0,0,0,0,0,0,0,0,0,0,0,0,0,0,0,0,0,0,0,0,0,0,0,0,0,0,0,0,0,0,0,0,0,0,0,0,0,0,0,0,0,0,0,0,0,0,0,0,0,0,0,0,0,0,0,0,0,0,4,0,0,0,0,0,0,0,0,0,0,0,0,0,0,0,0,0,0,0,0,0,0,0,0,0,0,0,0,0,0,0,0,0,0,0,0,0,0,0,0,0,0,0,0,0,0,0,0,0,0,0,0,0,0,0,0,0,5,0,0,0,0,0,0,0,0,5,0,0,0,0,0,0,0,0,0,0,0,0,0,0,0,0,0,0,0,0,4,0,0,0,0,0,0,4,6,0,6,0,0,0,0,0,0,0,0,0,0,0,0,0,0,0,0,0,0,0,0,0,0,0,0,0,0,0,0,0,0,0,0,0,0,0,0,0,0,0,0,0,0,0,0,0,0,0,0,0,0,0,0,0,0,0,0,0,0,0,0,0,0,0,0,0,0,0,0,0,0,0,0,0,0,0,0,0,0,0,0,0,0,0,0,0,0,0,0,0,0,0,0,0,0,0,0,0,0,0,0,0
Peru,0,0,0,0,0,0,0,0,0,0,0,0,0,0,0,0,0,0,0,0,0,0,0,0,0,0,0,0,0,0,0,0,0,0,0,0,0,6,0,0,3,0,10,0,0,0,0,0,0,0,0,0,0,0,0,0,0,0,0,0,0,0,0,0,0,5,0,0,0,0,0,0,3,0,0,0,0,0,4,0,0,0,0,0,0,0,0,0,0,0,0,0,6,0,0,0,0,0,0,0,0,0,0,0,7,8,13,6,10,0,7,8,9,10,0,7,11,5,0,0,10,26,12,9,0,19,0,3,9,5,0,6,12,7,3,8,5,6,4,0,0,3,3,5,5,5,5,4,3,0,14,7,3,0,0,0,4,0,7,0,0,4,4,12,4,5,4,5,3,6,0,0,7,3,10,3,7,14,0,8,3,5,4,3,0,0,5,7,0,7,0,4,3,0,15,4,13,0,3,4,4,0,0,6,10,0,20,9,0,9,10,7,0,0,0,0,0,0,0,4,0,3,11,0,0,0,0,0,5,10,0,0,0,6,0,0,0,3,0,0,0,0,0,0,0,0,7,12,3,0,0,0,19,0,3,0,9,0,5,0,4,8,4,3,0,0,8,0,9,0,0,5,5,0,11,0,4,0,0,0,3,0,3,7,0,0,3,8,10,8,9,9,0,0,0,0,5,0,0,0,0,0,0,0,0,0,0,0,0,0,10,6,11,0,5,0,0,12,3,4,0,8,0,6,4,8,4,0,0,0,4,0,6,3,0,11,0,0,10,12,14,0,15,6,0,0,7,0,3,5,4,0,10,0,0,0,5,5,9,0,7,3,7,3,11,5,8,4,0,13,8,4,0,7,4,0,7,0,17,4,0,13,9,0,10,9,12,0,6,8,0,9,3,10,4,8,0,10,7,4,3,6,4,5,0,0,0,4,0,0,6,0,0,0,0,0,0,0,6,0,0,0,0,0,0,0,0,0,0,0,0,0,0,0,0,0,0,0,0,0,0,0,0,0,0,0,0,0,0,0,0,0,0,0,0,0,0,0,0,3,0,0,0,0
Suriname,0,0,0,0,0,0,0,0,0,0,0,0,0,0,0,0,0,0,0,0,0,0,0,0,0,0,0,0,0,0,0,0,0,0,0,0,0,0,0,0,0,0,0,0,0,0,0,0,0,0,0,0,0,0,0,0,0,0,0,0,0,0,0,0,0,0,0,0,0,0,0,0,0,0,0,0,0,0,0,0,0,0,0,0,0,0,0,0,0,0,0,0,0,0,0,0,0,0,0,0,0,0,0,0,0,0,0,0,0,0,0,0,0,0,0,0,0,0,0,0,0,0,0,0,0,0,0,0,0,0,0,0,0,0,0,0,0,0,0,0,0,0,0,0,0,0,0,0,0,0,0,0,0,0,0,0,0,0,0,0,0,0,0,0,0,0,0,0,0,0,0,0,0,0,0,0,0,0,0,0,0,0,0,0,0,0,0,0,0,0,0,0,3,0,0,0,0,0,0,0,0,0,0,0,0,0,0,0,0,0,0,0,0,0,0,0,0,0,0,0,0,0,0,0,0,0,0,0,0,0,0,0,0,0,0,0,0,0,0,0,0,0,0,0,0,0,0,0,0,0,0,0,0,0,0,0,0,0,0,0,0,0,0,0,0,0,0,0,0,0,0,0,0,0,0,0,0,0,0,0,0,0,0,0,0,0,0,0,0,0,0,0,0,0,0,0,0,0,0,0,0,0,0,0,0,0,0,0,0,0,0,0,0,0,0,0,0,0,0,0,0,0,0,0,0,0,0,0,0,0,0,0,0,0,0,0,0,0,0,0,0,0,0,0,0,0,0,0,0,0,0,0,0,0,0,0,0,0,0,0,0,0,0,0,0,0,0,0,0,0,0,0,0,0,0,0,0,0,0,0,0,0,0,0,0,0,0,0,0,0,0,0,0,0,0,0,0,0,0,0,0,0,0,0,0,0,0,0,0,0,0,0,0,0,0,0,0,0,0,0,0,0,0,0,0,0,0,0,0,0,0,0,0,0,0,0,0,0,0,0,0,0,0,0,0,0,0,0,0,0,0,0,0,0,0,0,0,0,0,0,0,0,0,0
Uruguay,0,0,0,0,0,0,0,0,0,0,0,0,0,0,0,0,0,0,0,0,0,0,0,0,0,0,0,0,0,0,0,0,0,0,0,0,0,0,0,4,0,0,5,0,0,0,0,0,0,0,0,0,0,0,0,0,0,0,0,5,0,0,0,0,0,0,0,0,0,0,0,0,0,0,0,0,0,0,0,0,0,0,0,0,0,0,0,0,0,0,0,0,4,0,6,0,4,0,0,7,0,0,0,0,11,0,3,9,4,0,3,4,11,14,0,5,10,3,0,0,9,4,0,0,0,4,0,5,3,3,0,7,11,6,4,3,3,0,0,0,0,0,0,4,0,0,0,0,0,0,0,0,0,0,0,0,7,0,0,0,0,0,0,0,3,0,0,0,3,8,3,0,5,0,0,0,0,0,3,4,4,3,5,3,4,0,12,8,3,6,0,3,0,0,12,3,4,0,5,3,0,0,0,0,5,0,0,4,0,0,5,4,0,0,0,0,0,0,0,6,6,3,0,4,0,6,6,0,3,0,4,0,3,5,8,0,5,25,0,0,0,0,0,0,7,4,5,3,3,0,0,8,6,0,13,7,8,0,6,0,0,8,8,0,0,0,3,4,0,0,4,6,0,5,5,3,0,0,3,0,9,11,0,0,5,0,0,4,7,0,0,7,0,8,0,3,3,0,7,0,4,0,6,0,0,0,4,0,3,4,14,11,3,14,11,0,20,8,18,3,13,14,11,0,11,9,11,3,9,4,3,11,9,8,0,11,4,9,11,7,17,3,4,4,0,0,0,0,5,8,4,4,35,18,28,25,30,11,9,13,17,7,20,11,11,3,6,4,0,17,10,9,0,9,8,12,18,11,15,10,0,8,4,11,18,0,15,0,15,6,11,8,6,9,0,21,3,10,9,10,0,3,11,8,0,0,0,9,10,6,0,6,0,0,0,0,0,0,0,0,0,0,0,0,0,0,0,0,0,0,0,0,0,0,0,0,0,0,0,0,0,0,0,0,0,0,0,0,0,0,0,0,0,0,0,0,0,0,0,0,0,0,0,0
Venezuela,0,0,0,0,0,0,0,0,0,0,0,0,0,0,0,0,0,0,0,3,0,0,0,0,0,0,0,0,0,0,0,0,0,0,0,0,7,0,0,0,0,4,0,0,0,0,0,3,0,8,0,0,0,0,0,0,0,0,0,0,0,0,0,0,0,0,0,0,0,0,0,0,0,4,0,0,0,0,0,0,0,0,0,0,0,0,0,0,0,0,0,0,0,0,0,0,0,0,0,0,0,0,0,0,18,6,5,9,4,6,5,13,5,22,4,6,4,7,5,0,3,27,17,5,9,36,0,14,9,3,0,15,29,15,9,14,22,3,10,0,4,4,4,12,0,8,3,8,9,0,36,7,14,5,0,0,3,0,0,3,5,3,7,4,11,0,0,0,0,5,4,11,4,11,12,13,4,11,11,5,0,6,6,0,4,0,5,0,0,3,0,0,6,0,0,9,0,0,8,5,6,12,0,0,9,9,10,6,11,10,11,0,0,0,0,0,0,0,3,0,0,0,0,6,0,0,14,4,0,5,6,0,0,8,5,0,0,11,0,0,0,0,0,0,7,0,24,0,0,3,5,0,3,0,0,3,0,0,0,0,0,0,3,0,0,11,12,0,3,3,0,0,4,3,5,9,0,0,0,0,5,6,5,5,0,3,0,0,9,4,10,10,0,0,0,0,3,0,0,5,0,0,0,0,0,0,0,0,0,6,0,0,7,0,0,0,0,0,0,0,0,4,7,0,0,3,0,0,0,0,0,0,0,0,0,0,0,0,0,4,0,8,3,12,11,6,10,0,3,8,0,0,0,0,0,0,0,0,0,0,0,0,0,6,5,3,3,0,0,8,12,17,0,0,3,0,0,0,0,0,0,0,0,4,0,0,0,0,4,0,3,4,12,10,8,6,7,0,0,0,0,0,6,6,0,0,0,0,0,0,0,0,0,0,0,0,0,0,0,0,0,0,0,0,0,0,0,0,0,0,0,0,0,0,0,3,0,0,0,0,0,0,0,0,6,0,0,0,0,0,0,0,0,0,0,0,0,0,0,0,0,0,0,6